小学语文老师,02-20,0.8-1万/月,https://jobs.51job.com/shanghai/115855870.html?s=01&t=0,
辅导老师（班车接送+作五休二）,02-20,0.8-1万/月,https://jobs.51job.com/wuhan-jxq/119118771.html?s=01&t=0,
初中科学老师,02-20,6-8千/月,https://jobs.51job.com/ningbo-cxs/118513159.html?s=01&t=0,
线上全职初高中化学老师,02-20,1-1.5万/月,https://jobs.51job.com/hadongbin-ngq/120086025.html?s=01&t=0,
考研培训老师（专业课）,02-20,0.8-1万/月,https://jobs.51job.com/haikou/120086024.html?s=01&t=0,
初中英语数字物理化学政治历史老师,02-20,500元/天,https://jobs.51job.com/nanyang/120085965.html?s=01&t=0,
各科辅导老师,02-20,0.8-1万/月,https://jobs.51job.com/jinan-gxq/120085788.html?s=01&t=0,
五险+高薪诚聘初高中化学老师,02-20,6-8千/月,https://jobs.51job.com/suzhoue/120085773.html?s=01&t=0,
初中科学老师  课时量充足 双休 疫情期间线上授课-M,02-20,1-1.5万/月,https://jobs.51job.com/hangzhou/120071492.html?s=01&t=0,
全职高薪英语老师,02-20,0.5-1万/月,https://jobs.51job.com/wuhan-wcq/117226575.html?s=01&t=0,
实习美术老师/美术助教,02-20,3-6千/月,https://jobs.51job.com/chengdu-gxq/119970408.html?s=01&t=0,
初高中物理老师,02-20,3-4.5千/月,https://jobs.51job.com/suqian/119768440.html?s=01&t=0,
舞蹈老师,02-20,4.5-6千/月,https://jobs.51job.com/wenshan/120085546.html?s=01&t=0,
招生老师,02-20,0.5-1万/月,https://jobs.51job.com/guangzhou-thq/108339333.html?s=01&t=0,
英语老师少儿英语中教English Teacher,02-20,0.5-1.2万/月,https://jobs.51job.com/kunshan/95862778.html?s=01&t=0,
后勤老师,02-20,4.5-6千/月,https://jobs.51job.com/hefei-bhq/119492481.html?s=01&t=0,
教学老师,02-20,6-8千/月,https://jobs.51job.com/hangzhou-xcq/117376441.html?s=01&t=0,
主持表演老师,02-20,4.5-6千/月,https://jobs.51job.com/shenyang-hgq/120085188.html?s=01&t=0,
急聘早教老师（佛山南海保利西雅图校）,02-20,3-6千/月,https://jobs.51job.com/foshan-nhq/118299381.html?s=01&t=0,
小学语文老师,02-20,4.5-6千/月,https://jobs.51job.com/wuxi-bhq/112476294.html?s=01&t=0,
就业老师,02-20,3-4.5千/月,https://jobs.51job.com/luan/120084980.html?s=01&t=0,
乐高老师,02-20,200元/天,https://jobs.51job.com/shenzhen-lhxq/117672946.html?s=01&t=0,
薪资7K起辅导老师,02-20,0.7-1.2万/月,https://jobs.51job.com/xian-blq/120084916.html?s=01&t=0,
语文老师,02-20,6-8千/月,https://jobs.51job.com/xianning/111817974.html?s=01&t=0,
有经验的英语老师(年薪80000-120000万),02-20,8-12万/年,https://jobs.51job.com/jiangmen/103537223.html?s=01&t=0,
生活老师（国际课程中心-海淀）,02-20,4-4.5千/月,https://jobs.51job.com/beijing-hdq/119766431.html?s=01&t=0,
招生老师,02-20,1-1.5万/月,https://jobs.51job.com/chengdu-whq/116883790.html?s=01&t=0,
幼儿英语老师,02-20,3-4.5千/月,https://jobs.51job.com/xian-caq/113598986.html?s=01&t=0,
在线班主任老师 均薪7K起,02-20,0.7-1万/月,https://jobs.51job.com/chengdu-gxq/120083720.html?s=01&t=0,
急聘舞蹈老师就近安排,02-20,6-8千/月,https://jobs.51job.com/zhongyuanqu/119886259.html?s=01&t=0,
招生老师,02-20,4-8千/月,https://jobs.51job.com/kunming/98226954.html?s=01&t=0,
雅思托福老师,02-20,0.9-1.8万/月,https://jobs.51job.com/chongqing/118094499.html?s=01&t=0,
高中数学老师（年薪保底25万）,02-20,2.5-3万/月,https://jobs.51job.com/shanghai-jsq/119330486.html?s=01&t=0,
高中各科老师,02-20,0.7-1.5万/月,https://jobs.51job.com/xian-wyq/87800367.html?s=01&t=0,
小学数学老师,02-20,5-7千/月,https://jobs.51job.com/guangzhou-hpq/119773673.html?s=01&t=0,
数学课后辅导老师+双休254,02-20,6-8千/月,https://jobs.51job.com/chengdu-gxq/120083617.html?s=01&t=0,
初高中地理老师（实习生）,02-20,30-60万/年,https://jobs.51job.com/shanghai-xhq/120083557.html?s=01&t=0,
教务老师,02-20,3-6千/月,https://jobs.51job.com/chongqing-bnq/111320673.html?s=01&t=0,
英语老师  6-8k,02-20,6-8千/月,https://jobs.51job.com/suzhou-wzq/120083455.html?s=01&t=0,
舞蹈老师,02-20,4-8千/月,https://jobs.51job.com/liaocheng/110271576.html?s=01&t=0,
教研老师（偏编辑方向）,02-20,3-4.5千/月,https://jobs.51job.com/jinan-lxq/120083466.html?s=01&t=0,
深圳高中日语老师,02-20,0.6-1.2万/月,https://jobs.51job.com/shenzhen-lhq/120073190.html?s=01&t=0,
STEAM教学老师（浦口校区）,02-20,5-8千/月,https://jobs.51job.com/nanjing/117997485.html?s=01&t=0,
中职语文老师,02-20,5-8千/月,https://jobs.51job.com/changsha-csx/111685861.html?s=01&t=0,
幼教老师,02-20,3.5-5千/月,https://jobs.51job.com/beijing-sjsq/120083281.html?s=01&t=0,
无责任底薪聘招生咨询老师,02-20,3-4.5千/月,https://jobs.51job.com/huaian/96756172.html?s=01&t=0,
马术老师,02-20,0.8-1万/月,https://jobs.51job.com/suzhou-wzq/120082700.html?s=01&t=0,
编审老师,02-20,4.5-6千/月,https://jobs.51job.com/wuhan-jaq/74818242.html?s=01&t=0,
语文老师,02-20,10-15万/年,https://jobs.51job.com/chongqing-ybq/120082836.html?s=01&t=0,
中托、晚辅老师，双休，社保（可远程面试）,02-20,3.5-5千/月,https://jobs.51job.com/guangzhou-thq/118362627.html?s=01&t=0,
