ID,代码名称,代码地址
304,python不挂科,赞赏最新的推文5块钱，即可获取课程链接
303,不挂科,赞赏最新的推文5块钱，即可获取课程链接
302,红精灵来袭,"链接：https://pan.baidu.com/s/1hBwEbyA36N7Q7s1-QPFRHQ 提取码：v9y3"
301,塔防第一步,"链接：https://pan.baidu.com/s/1iL_kcMbG-ezMagvH3tn-uA 提取码：f1pi"
300,雪景,"链接：https://pan.baidu.com/s/1jtva5jxVGtA2Q-PfNzDoKg 提取码：alje 复制这段内容后打开百度网盘手机App，操作更方便哦"
299,美食,"链接：https://pan.baidu.com/s/1F0YxWofePM1YPqpQUl1qDg 提取码：ajt1 复制这段内容后打开百度网盘手机App，操作更方便哦"
298,粒子群,"链接：https://pan.baidu.com/s/10HBWf3un4QsnlA__w78ieA 提取码：3lbz 复制这段内容后打开百度网盘手机App，操作更方便哦"
296,美国大选,"链接：https://pan.baidu.com/s/127Nw33np4Kq9qs8wOPLuMQ 提取码：m1x5 复制这段内容后打开百度网盘手机App，操作更方便哦"
295,连帧图片,"链接：https://pan.baidu.com/s/1Mhra8I3Sh64k9j7VifBffA 提取码：suwi 复制这段内容后打开百度网盘手机App，操作更方便哦"
294,game50,"链接：https://pan.baidu.com/s/1LZpVVXYTRNXATEV5ChQTdw 提取码：0gro 复制这段内容后打开百度网盘手机App，操作更方便哦"
293,draw123,"链接：https://pan.baidu.com/s/1Tct0-1tOOAx9k6SvQx-Hzw 提取码：emto 复制这段内容后打开百度网盘手机App，操作更方便哦"
292,draw122,"链接：https://pan.baidu.com/s/1NKUiYwV1isKONnZelCYNLQ 提取码：2180"
291,代写程序,联系QQ:2738847334
290,打气球,"链接：https://pan.baidu.com/s/1d940tAxoOofD_VyVGuSsQQ 提取码：hpzu"
289,推箱子,"链接：https://pan.baidu.com/s/1SIHUTc1uo_y4n1JXDh3PtA 提取码：p17z"
288,plotly散点图1,链接：https://shuoshuoyun.lanzous.com/iLmaBfczo8j
287,学习资料,"链接：https://pan.baidu.com/s/1NIjVhHlcBMB5wqBJ4wMapQ 提取码：2qzm"
286,笔趣阁,"链接：https://pan.baidu.com/s/1tvUzL_1wu_GtLJnZwkknHA 提取码：irp8"
285,小说爬虫,"链接：https://pan.baidu.com/s/1-7SsOoCRPKaRCdrkqdsMgA 提取码：qkkp"
284,聊天,"链接：https://pan.baidu.com/s/1NiyJjLqec6NUEb6HuoKsdw 提取码：m4s2"
283,弹球,"链接：https://pan.baidu.com/s/11nFruDxv1yqez7utFPfnrg 提取码：bpu3 复制这段内容后打开百度网盘手机App，操作更方便哦"
282,满分作文,"链接：https://pan.baidu.com/s/1HtUVhTV7sVlkhuW64kwZRw 提取码：wh1l"
281,game49,"链接：https://pan.baidu.com/s/12nkJHcLQXmB9jVGHuHqHkg 提取码：3emm"
280,game48,"链接：https://pan.baidu.com/s/1vLFG9ue0axxbB5GJxkDraA 提取码：6afj"
279,plotly例子,链接：https://shuoshuoyun.lanzous.com/iwzYjea9led
278,爬取表情包,"链接：https://pan.baidu.com/s/1GAYiCLMFQ3P3Uk0xx6ipog 提取码：s08m"
277,python安装包,"链接：https://pan.baidu.com/s/1vT2cuInakFd7hhTuk0axbA 提取码：12te"
276,图片加密,"链接：https://pan.baidu.com/s/1pw5wsPa4-kzGNOs1x3pMSA 提取码：ybhb"
275,古风,"链接：https://pan.baidu.com/s/1PJ6If-BOguX4ohqj1DyC5Q 提取码：xkc3"
274,动态贪吃蛇,"链接：https://pan.baidu.com/s/1KREIof_Ii2VazlojZF5Mcg 提取码：zz6l"
273,draw121,"链接：https://pan.baidu.com/s/19XOnwace5H5oHnFqumKEzA 提取码：syfc"
272,draw120,"链接：https://pan.baidu.com/s/1ZPph2XBprRCLmJFoB3wSdw 提取码：4h9e 复制这段内容后打开百度网盘手机App，操作更方便哦"
271,draw119,"链接：https://pan.baidu.com/s/1SWQ_qMumrZ-E6o5xjID3Bw 提取码：m2xq 复制这段内容后打开百度网盘手机App，操作更方便哦"
270,draw118,"链接：https://pan.baidu.com/s/1eEWwws00U9yHMuy-ShqCRQ 提取码：763s 复制这段内容后打开百度网盘手机App，操作更方便哦"
269,draw117,"链接：https://pan.baidu.com/s/1CW-tHKtXpzuQdtXhYY2X2g 提取码：0ysw"
268,draw116,"链接：https://pan.baidu.com/s/1j6RSS0NdgbW_fRvX-JIZJQ 提取码：4xtu"
267,draw115,"链接：https://pan.baidu.com/s/1drA9tsk9wMKD503cvzDLig 提取码：i9uf"
266,draw113,"链接：https://pan.baidu.com/s/1g6sSWDFP54GuUcv_JQLIZQ 提取码：4vyc"
265,draw112,"链接：https://pan.baidu.com/s/1krz8ykhVZZdm1zMAIefXRw 提取码：4txv"
264,draw111,"链接：https://pan.baidu.com/s/1I2b0O9tZ8CG9RdPdmDl-qQ 提取码：khxu 复制这段内容后打开百度网盘手机App，操作更方便哦"
263,draw110,"链接：https://pan.baidu.com/s/1HWcJhSdM8MKmBTL271tXCA 提取码：bpp2"
262,draw109,"链接：https://pan.baidu.com/s/1RQm4RQFfFhzEKCApdcvNRA 提取码：1mzo"
261,draw114,"链接：https://pan.baidu.com/s/1B-evJHB-BddRZQlaaf_eYA 提取码：cfo4"
260,draw108,"链接：https://pan.baidu.com/s/1VzaFrdy6H7ch9rOa-rloCg 提取码：gqif"
259,draw107,"链接：https://pan.baidu.com/s/1ceDXTzdopx5aHQiuxelbAA 提取码：78bi"
258,draw106,"链接：https://pan.baidu.com/s/1KuxdlvBbT4Xq3ElnX-vxdA 提取码：dy8p 复制这段内容后打开百度网盘手机App，操作更方便哦"
257,draw105,"链接：https://pan.baidu.com/s/1MvAcyPEsT1lQdfQTb7nSaA 提取码：js15"
256,百度爬虫,"链接：https://pan.baidu.com/s/189hWZPYNTEpW0zB2SrzYSg 提取码：aubq"
255,draw104,"链接：https://pan.baidu.com/s/1Cpd7eFGgRYYqIGmUeXKkfA 提取码：u06u"
254,game46,"链接：https://pan.baidu.com/s/1Ci_tJqLdlhfp2bi53juN4w 提取码：jzmu"
253,game45,"链接：https://pan.baidu.com/s/1owldcOFIYNdSiw6R1iChnQ 提取码：djkz"
252,game44,"链接：https://pan.baidu.com/s/1J6wqeKzZNa423vhrk2ymWg 提取码：4tsg"
251,game43,"链接：https://pan.baidu.com/s/1o7B7lNc5rCPZx9yk2fncIA 提取码：twvo"
250,仙女,"链接：https://pan.baidu.com/s/1sR01JH6nX0Nw9cO9j_9Jew 提取码：jyyp 复制这段内容后打开百度网盘手机App，操作更方便哦"
249,c2,"链接：https://pan.baidu.com/s/1ea_EPSPfJl8Ghfxc2Rpwkw 提取码：6wkk"
248,game42,"链接：https://pan.baidu.com/s/1Y_go2khpw_2P9y3qgayl_g 提取码：zppa"
247,相亲网,"链接：https://pan.baidu.com/s/1477YZ2Hl4RYTc6KtxpkVNA 提取码：otvq 复制这段内容后打开百度网盘手机App，操作更方便哦"
246,c1,"链接：https://pan.baidu.com/s/1qBiBUc7l-On3WlpEwWfEOw 提取码：qxrs 复制这段内容后打开百度网盘手机App，操作更方便哦"
245,game41,"链接：https://pan.baidu.com/s/1l9x07aeJsoTe4gDg_Zp_fQ 提取码：2205"
244,game40,"链接：https://pan.baidu.com/s/1SvNvj_Nr2OeKpilb8ZDRaQ 提取码：ur97"
243,简易大富翁,"链接：https://pan.baidu.com/s/1F0cYlf2quiAG_siV8bdcgQ 提取码：gbe8"
242,镜像源,"链接：https://pan.baidu.com/s/1aUfCF96dMAjtDoMr8TGmIQ 提取码：iqju"
241,颜值评估,"链接：https://pan.baidu.com/s/1R7N4SiI0UrKyFDRmJpf3wg 提取码：9uba"
240,draw103,"链接：https://pan.baidu.com/s/1TGZ96kDYP8DqoEQUCyfKpw 提取码：e77p"
239,draw102,"链接：https://pan.baidu.com/s/1lspMDvLDQuryk5U1U1bx7w 提取码：h1hh"
238,game39,"链接：https://pan.baidu.com/s/1_TTLYc34ssIAqQfu7c1aQQ 提取码：39rg 复制这段内容后打开百度网盘手机App，操作更方便哦"
237,game38,"链接：https://pan.baidu.com/s/1ADdmgOkI07C-f6oFrNwh3g 提取码：t8at"
236,game37,"链接：https://pan.baidu.com/s/1WBPwkLPbtm_GKXLX_DTt3Q 提取码：7l97"
235,game36,"链接：https://pan.baidu.com/s/1CPLeM4QftuPT9w0LS1PfnA 提取码：j4e2 复制这段内容后打开百度网盘手机App，操作更方便哦"
234,game35,"链接：https://pan.baidu.com/s/1fWm2RaOiuisMQp4zkn93Nw 提取码：ixtn 复制这段内容后打开百度网盘手机App，操作更方便哦"
233,game34,"链接：https://pan.baidu.com/s/18BF7k-548aOX16nX7I77JQ 提取码：pxwf"
232,蔡徐坤,"链接：https://pan.baidu.com/s/1XCZkn7WebzGeccXCwm2M8A 提取码：l303"
231,game33,"链接：https://pan.baidu.com/s/17_zkR82JPkj-RQVi0MXntQ 提取码：zbk4"
230,game32,"链接：https://pan.baidu.com/s/1dyGE7TRpqn_V1bDpTE1UAg 提取码：i8cb 复制这段内容后打开百度网盘手机App，操作更方便哦"
229,game31,"链接：https://pan.baidu.com/s/1e361h2EKI7XzYpbzWy4Cew 提取码：0nf3"
228,game30,"链接：https://pan.baidu.com/s/1gCNxh9Ifc7rgt9gQAiCiDA 提取码：7vc7"
227,game29,"链接：https://pan.baidu.com/s/1cJ65KvgHZ5YOgJXxBElahQ 提取码：pxp0"
226,draw71,"链接：https://pan.baidu.com/s/1ZtITKqDvheFRB3w8wNXVpg 提取码：rd9s"
225,割圆法,"链接：https://pan.baidu.com/s/1E2GWm8yf9Lt6XcqPvNW0SQ 提取码：tmk3 复制这段内容后打开百度网盘手机App，操作更方便哦"
224,draw101,"链接：https://pan.baidu.com/s/1vFK-qwsTHWL7tZEwAwovWw 提取码：9uhw"
223,draw100,"链接：https://pan.baidu.com/s/1Ge-Ub2bYLlahLqz86id2kg 提取码：5q25"
222,draw99,"链接：https://pan.baidu.com/s/1yQvKa5lyitIylTOml0Fzqw 提取码：kr9s 复制这段内容后打开百度网盘手机App，操作更方便哦"
221,draw98,"链接：https://pan.baidu.com/s/1svmsfiy4O3kx9ib38Gtm6Q 提取码：kv2y"
220,draw97,"链接：https://pan.baidu.com/s/19GxpP6RUB8vvgmD1MC-GdQ 提取码：uqya"
219,draw66,"链接：https://pan.baidu.com/s/1gaUHJzrgHhs3eo_tNd4BsA 提取码：jsl0"
218,draw96,"链接：https://pan.baidu.com/s/1910B0INnNyQIhkn7J0NK6Q 提取码：k1ep"
217,draw95,"链接：https://pan.baidu.com/s/14is5Na44pPgRgnfaBZyHXQ 提取码：lqtj"
216,draw94,"链接：https://pan.baidu.com/s/1PzhQfJA9YoHgkDoZpyb2yA 提取码：b5du"
215,draw93,"链接：https://pan.baidu.com/s/1vwViWcGU1AM1UH5Q_Eh2lg 提取码：3ny0"
214,draw91,"链接：https://pan.baidu.com/s/1-uv2_fc31UREXEJUbFh72g 提取码：tjuk 复制这段内容后打开百度网盘手机App，操作更方便哦"
213,draw92,"链接：https://pan.baidu.com/s/18itoery8SgbR_8FpgoYECA 提取码：tlmj 复制这段内容后打开百度网盘手机App，操作更方便哦"
212,draw90,"链接：https://pan.baidu.com/s/1tfEKUhf4jcoGAVcp0mTAFg 提取码：8asw"
211,draw89,"链接：https://pan.baidu.com/s/1iU4H58SV_P-lCpgnlEIhGQ 提取码：c246"
210,draw88,"链接：https://pan.baidu.com/s/1WoHkvI-pBfCOOqadOHm73A 提取码：q1sa"
209,draw87,"链接：https://pan.baidu.com/s/1p-6HFyuXxxQRHXKVwSl4eg 提取码：f6xt"
208,draw86,"链接：https://pan.baidu.com/s/13ME4b7hS-_GmD53FIIqEOw 提取码：gxrp 复制这段内容后打开百度网盘手机App，操作更方便哦"
207,draw85,"链接：https://pan.baidu.com/s/1CMUg0wNNla3xZ-pSRiJo6Q 提取码：0f9k"
206,draw84,"链接：https://pan.baidu.com/s/1Y_Ac6qg0KV-U9wZ5FP9a-A 提取码：srot"
205,draw83,"链接：https://pan.baidu.com/s/1wBihuTze65Aj3A0ZrU1uYg 提取码：1f99"
204,draw82,"链接：https://pan.baidu.com/s/1YfKO61DXEvOJZdpZLLZLBw 提取码：wswp 复制这段内容后打开百度网盘手机App，操作更方便哦"
203,draw81,"链接：https://pan.baidu.com/s/12mFv1hy4wvLQskVZSElFUg 提取码：wbgt 复制这段内容后打开百度网盘手机App，操作更方便哦"
202,draw80,"链接：https://pan.baidu.com/s/1jTu3rDkrbecyWVBL5SFW5A 提取码：9bsp"
201,draw79,"链接：https://pan.baidu.com/s/1DlW6-aDMz97RJK_VXpsoNA 提取码：2ah9"
200,draw78,"链接：https://pan.baidu.com/s/1JjPhz71mkZ8KWwPKi846Pw 提取码：9t2v"
199,draw77,"链接：https://pan.baidu.com/s/1MN-F6hM2m-CGmUDHaxiohg 提取码：gsc9"
198,draw76,"链接：https://pan.baidu.com/s/1sfSmwDiXqsOKg8tC-YpULg 提取码：vvsz"
197,draw75,"链接：https://pan.baidu.com/s/1_dqft1WDyw83t5OB4p-Aeg 提取码：sqr8 复制这段内容后打开百度网盘手机App，操作更方便哦"
196,draw74,"链接：https://pan.baidu.com/s/14w3AmwgkPOn8Qyo5RCCMdg 提取码：zgkf 复制这段内容后打开百度网盘手机App，操作更方便哦"
195,draw73,"链接：https://pan.baidu.com/s/1T2syAGZpDokjtnUOxbJUyA 提取码：yxql"
194,draw72,"链接：https://pan.baidu.com/s/1l-TqQDDAxfxR9Q1OvOUKnQ 提取码：vg46"
193,draw71,"链接：https://pan.baidu.com/s/13apnrAzSfoxh3v8jjVPk3Q 提取码：z0yn"
192,draw70,"链接：https://pan.baidu.com/s/1ouVtfSiOMFm86iYXXR0Rzg 提取码：1ott"
191,draw69,"链接：https://pan.baidu.com/s/1_YyCC-WRXi7t0smhy3b92g 提取码：akpw"
190,draw68,"链接：https://pan.baidu.com/s/1qfM3aljJr0hBGN5lwKQEnA 提取码：5csf"
189,draw67,"链接：https://pan.baidu.com/s/1bMOWf3vl-ptfk29WzPQWqg 提取码：vwyl 复制这段内容后打开百度网盘手机App，操作更方便哦"
188,百度图片,"链接：https://pan.baidu.com/s/1QXXxPyqDAbD4XdZxotbmLA 提取码：3er0"
187,game28,"链接：https://pan.baidu.com/s/1Dd3cEG5acvUk977i-9YVPg 提取码：urzb"
186,game27,"链接：https://pan.baidu.com/s/1KLdgo3BiI44GpzfATMvH6Q 提取码：a1l9"
185,game26,"链接：https://pan.baidu.com/s/1wnVHw_ttM429khQb1hEXgg 提取码：mcbd 复制这段内容后打开百度网盘手机App，操作更方便哦"
184,game25,"链接：https://pan.baidu.com/s/1mjnHwQZd4zHGiWheFyL3vA 提取码：8c97 复制这段内容后打开百度网盘手机App，操作更方便哦"
183,game24,"链接：https://pan.baidu.com/s/1Skvb9h68tty1uuMBW6VmWg 提取码：3r6u 复制这段内容后打开百度网盘手机App，操作更方便哦"
182,game23,"链接：https://pan.baidu.com/s/1hS6ZOkpOxIVxGDDTLcIe0g 提取码：6tyh 复制这段内容后打开百度网盘手机App，操作更方便哦"
181,game22,"链接：https://pan.baidu.com/s/1EcoDq_lBGc7cRPi52TuifQ 提取码：pmwu"
180,game21,"链接：https://pan.baidu.com/s/1k2B2_BlpdBp_1xB3ByNhEw 提取码：b007 复制这段内容后打开百度网盘手机App，操作更方便哦"
179,game20,"链接：https://pan.baidu.com/s/1wPktydVoFPDwzjgwBEJgAw 提取码：4n33 复制这段内容后打开百度网盘手机App，操作更方便哦"
178,game6,"链接：https://pan.baidu.com/s/1j7DAXhE9O0pn1-31TijdSg 提取码：gxff 复制这段内容后打开百度网盘手机App，操作更方便哦"
177,b1,"链接：https://pan.baidu.com/s/1RF5KTMgNgLM3Fx-mWkOVpA 提取码：snz9"
176,摄影,"链接：https://pan.baidu.com/s/1FuLlo7UNiAyMGNhc3yLsHw 提取码：fp18"
175,game19,"链接：https://pan.baidu.com/s/1liUawktjuDWk4b8t0jNVHQ 提取码：u17f"
174,game18,"链接：https://pan.baidu.com/s/1wrO1_flSVX0M5bbDmNg_WQ 提取码：xiv5"
173,game17,"链接：https://pan.baidu.com/s/1dNiXaMJBL1z2eq2F__Vh4A 提取码：xeai"
172,game16,"链接：https://pan.baidu.com/s/1mFyyR6cD4wEJeWwIMwMImg 提取码：ykvy"
171,game15,"链接：https://pan.baidu.com/s/1N5fhNdx6t33MrTTzAZ9A_Q 提取码：r7qq 复制这段内容后打开百度网盘手机App，操作更方便哦"
170,game14,"链接：https://pan.baidu.com/s/1SMPp_PthqSbz_r3cCIKRXg 提取码：osqu"
169,查快递,"链接：https://pan.baidu.com/s/1n3Mwq0DH_BjubWlysCVwlw 提取码：k4yl"
168,s1,"链接: https://pan.baidu.com/s/1ICZCQrQdSzrqyiSOfDOspQ 提取码: 4xsg"
167,羊狼过河,"链接：https://pan.baidu.com/s/11lwj0_q438D05vnUfVaC_A 提取码：kjqw 复制这段内容后打开百度网盘手机App，操作更方便哦"
166,code6,"链接: https://pan.baidu.com/s/1yYe6LujrI6OgTVqSdcOSpA 提取码: b9fk 复制这段内容后打开百度网盘手机App，操作更方便哦"
165,code5,"链接: https://pan.baidu.com/s/1rc82HFEI2Mtc0jR-iGY0tg 提取码: qxws"
164,爱心,"链接：https://pan.baidu.com/s/1WmuI0qUk4xqghbmnlipyKQ 提取码：37rb"
163,樱花,"链接：https://pan.baidu.com/s/1yh9bpb0eXW9t3LW2aXrwrA 提取码：ntjz 复制这段内容后打开百度网盘手机App，操作更方便哦"
162,女儿情,"链接：https://pan.baidu.com/s/1ihQNHQAuwVV4trFTNyA0ew 提取码：bzx3"
161,code4,"链接: https://pan.baidu.com/s/1hYxe5UOQNgNoPWuAF9e7Zg 提取码: bygh"
160,图像卷积,"链接：https://pan.baidu.com/s/1SE6KUqJjEvG_6w0ywCyIdA 提取码：fw4z"
159,draw65,"链接：https://pan.baidu.com/s/1pldf9HHN-4qSt711AhSiwQ 提取码：evmt 复制这段内容后打开百度网盘手机App，操作更方便哦"
158,draw64,"链接：https://pan.baidu.com/s/1nSTziLzCOzFIlPrBVfhb4A 提取码：9r3o 复制这段内容后打开百度网盘手机App，操作更方便哦"
157,draw63,"链接：https://pan.baidu.com/s/1F1K-ZrzwIAY4XxkycjYH5A 提取码：mzyb 复制这段内容后打开百度网盘手机App，操作更方便哦"
156,draw62,"链接：https://pan.baidu.com/s/1AjoPuzQpP1nP0Pu00oNZ5A 提取码：9o2r"
155,draw61,"链接：https://pan.baidu.com/s/1VcM58BhOmexq7bGK4Zbaww 提取码：v2f5"
154,draw60,"链接：https://pan.baidu.com/s/1yH9bt_W7wN35Ao-okh5C8A 提取码：r7ct 复制这段内容后打开百度网盘手机App，操作更方便哦"
153,draw59,"链接：https://pan.baidu.com/s/1Pq5fU1v7WhzIZPBfdB5OuQ 提取码：kdyv 复制这段内容后打开百度网盘手机App，操作更方便哦"
152,draw58,"链接：https://pan.baidu.com/s/1tN3UkGotKDYzKae2h4RBjQ 提取码：zh1a 复制这段内容后打开百度网盘手机App，操作更方便哦"
151,draw57,"链接：https://pan.baidu.com/s/1gmWlSgv4hxSz44ptgQeqqA 提取码：uq5g"
150,draw56,"链接：https://pan.baidu.com/s/1H0gqY7Kzp6nXnW5YHqMpdQ 提取码：h5hw 复制这段内容后打开百度网盘手机App，操作更方便哦"
149,draw55,"链接：https://pan.baidu.com/s/1y48oC1yVLqW78p40jrpZ5Q 提取码：g2yg 复制这段内容后打开百度网盘手机App，操作更方便哦"
148,draw54,"链接：https://pan.baidu.com/s/19YPMdfYFfj6nIIEwLuAVKg 提取码：v6a6"
147,draw53,"链接：https://pan.baidu.com/s/1UwEL3Os7wqXjItDJX74sCg 提取码：d9pt"
146,draw52,"链接：https://pan.baidu.com/s/1YOrPmA9sVqptnoRTaXljPA 提取码：chbj 复制这段内容后打开百度网盘手机App，操作更方便哦"
145,抽象,"链接：https://pan.baidu.com/s/1v_htJ35_8ngwks7mTq9MnQ 提取码：p47e 复制这段内容后打开百度网盘手机App，操作更方便哦"
144,code3,"链接: https://pan.baidu.com/s/1r7yCqc3u3_pVAfm0t4flTw 提取码: jfsa"
143,素描,"链接：https://pan.baidu.com/s/1m8Awxo4_dnboOQThPlKkCw 提取码：e1jd"
142,简谱,"链接：https://pan.baidu.com/s/1fsLdSEdoAkLmcQwKEtt3CQ 提取码：qsez 复制这段内容后打开百度网盘手机App，操作更方便哦"
141,黑花,"链接：https://pan.baidu.com/s/17ufIRMX0bAxsjgfLxxcueQ 提取码：dzni"
140,钢琴,"链接：https://pan.baidu.com/s/1jcrD4B2ulsLW_Kj0RZwqhw 提取码：gswd 复制这段内容后打开百度网盘手机App，操作更方便哦"
139,code2,"链接: https://pan.baidu.com/s/1rjFmexpDId4zil1zSv5CxQ 提取码: evg6"
138,春节十二响,"链接：https://pan.baidu.com/s/1Ni8KrP3GCuE7CdwACuD88A 提取码：pj2d"
137,粒子动画,"链接：https://pan.baidu.com/s/1sTSPaal9EZDrht-NOPT38Q 提取码：mi36"
136,粒子动画,"链接：https://pan.baidu.com/s/1plCB2z8MwVQcIJ9HdJU58A 提取码：3h8j 复制这段内容后打开百度网盘手机App，操作更方便哦"
135,draw51,"链接：https://pan.baidu.com/s/16Won-pnMcfkTQ1TWfLQzNw 提取码：4dve"
134,draw50,"链接：https://pan.baidu.com/s/1ShtjGsTL107aSWDt1Ky1kA 提取码：p9g3 复制这段内容后打开百度网盘手机App，操作更方便哦"
133,draw49,"链接：https://pan.baidu.com/s/1pZEncvDWI0lkiyol-2mU-w 提取码：ihtr"
132,消灭病毒,"链接：https://pan.baidu.com/s/1VAC3hVjixYdDoiGaVZA-Iw 提取码：qml2 复制这段内容后打开百度网盘手机App，操作更方便哦"
131,draw48,"链接：https://pan.baidu.com/s/1Q-g-1EkDyAm1xBNGuGl2PA 提取码：8kr4"
130,draw47,"链接：https://pan.baidu.com/s/1ax39sIETAfzcren4WYdGow 提取码：vjb2 复制这段内容后打开百度网盘手机App，操作更方便哦"
129,draw46,"链接：https://pan.baidu.com/s/13_cfm1SEqdb4pYDPe2GXcQ 提取码：ljb3 复制这段内容后打开百度网盘手机App，操作更方便哦"
128,draw45,"链接：https://pan.baidu.com/s/1Mb_CNi_-T-l-qvb1G6VF6w 提取码：lruv 复制这段内容后打开百度网盘手机App，操作更方便哦"
127,draw44,"链接：https://pan.baidu.com/s/1i5fgyQkTJq5ZQvT2WT46wg 提取码：91mt"
126,draw43,"链接：https://pan.baidu.com/s/1GXog8KZ74EaQ7WRoaICnAA 提取码：a1hu 复制这段内容后打开百度网盘手机App，操作更方便哦"
125,draw42,"链接：https://pan.baidu.com/s/1CtrNJXnGbrNeUREsgR1yWQ 提取码：fx6i 复制这段内容后打开百度网盘手机App，操作更方便哦"
124,draw41,"链接：https://pan.baidu.com/s/1ECy7z_-uDXEJpqhfNrWnuA 提取码：r5tg 复制这段内容后打开百度网盘手机App，操作更方便哦"
123,draw40,"链接：https://pan.baidu.com/s/19yEp4cZgL9K2xayLMgkpGA 提取码：838w 复制这段内容后打开百度网盘手机App，操作更方便哦"
122,draw39,"链接：https://pan.baidu.com/s/1GjsVWhOChp7iDUKBw-mowQ 提取码：dx2c 复制这段内容后打开百度网盘手机App，操作更方便哦"
121,draw38,"链接：https://pan.baidu.com/s/1iF3gM6_NpIJF0IeeVM1JTA 提取码：py0p"
120,draw37,"链接：https://pan.baidu.com/s/1gsn7OTczarnMCuGyW6f9Hw 提取码：2cay"
119,draw36,"draw36链接：https://pan.baidu.com/s/1V38hUWrLqAslXaRcQrcggA 提取码：wc5o 复制这段内容后打开百度网盘手机App，操作更方便哦"
118,draw35,"链接：https://pan.baidu.com/s/1AorhMnPyU2IjMk0ADQBH4Q 提取码：cwau 复制这段内容后打开百度网盘手机App，操作更方便哦"
117,draw34,"链接：https://pan.baidu.com/s/1ODNSlIti16VLQlYV01riZA 提取码：p5qh 复制这段内容后打开百度网盘手机App，操作更方便哦"
116,draw33,"链接：https://pan.baidu.com/s/1xqZfCPjSYZgpc4WQnwOQFQ 提取码：7bzp 复制这段内容后打开百度网盘手机App，操作更方便哦"
115,draw32,"链接：https://pan.baidu.com/s/1lu-3gsxWhHN9efv48jog5g 提取码：203x"
114,draw31,"链接：https://pan.baidu.com/s/1NEtIsUHIDnxiApAzrsAM8Q 提取码：3mno 复制这段内容后打开百度网盘手机App，操作更方便哦"
113,镜像源,"清华：https://pypi.tuna.tsinghua.edu.cn/simple 阿里云：http://mirrors.aliyun.com/pypi/simple/  中国科技大学 http"
112,code1,"链接: https://pan.baidu.com/s/1tQ3oVOS1RDE6yyCAL9FdoQ 提取码: 83tj 复制这段内容后打开百度网盘手机App，操作更方便哦"
111,draw30,"链接：https://pan.baidu.com/s/11ZQmNLLklPWMHb-6PsF4gw 提取码：onfq"
110,draw29,"链接：https://pan.baidu.com/s/1GPANcsFjMPN_WWvGQKjskA 提取码：f3sk"
109,draw28,"链接：https://pan.baidu.com/s/1U-8tHj3NO1PZSpmhXiwqHg 提取码：p5ws"
108,draw27,"链接：https://pan.baidu.com/s/1CYOMWhJJ4U_FJMfi9-wOCg 提取码：dasm 复制这段内容后打开百度网盘手机App，操作更方便哦"
107,draw26,"链接：https://pan.baidu.com/s/1ucgy2HwqGc9_5odak1B7ZA 提取码：2tt0"
106,draw25,"链接：https://pan.baidu.com/s/1jsAIgTJPccfAHayGyytwCg 提取码：lp9w 复制这段内容后打开百度网盘手机App，操作更方便哦"
105,draw24,"链接：https://pan.baidu.com/s/10Dbd76WDrNfaQOLpbPoyjQ 提取码：w5na"
104,draw23,"链接：https://pan.baidu.com/s/1nMUPkvt7aOe_MSU_1Tcb7Q 提取码：io1f"
103,draw22,"链接：https://pan.baidu.com/s/1bMaQ5Im0teTsWQG0z8yb5Q 提取码：sj8i 复制这段内容后打开百度网盘手机App，操作更方便哦"
102,draw21,"链接：https://pan.baidu.com/s/1hkCRTsINRtjRZ5BDf7F98A 提取码：4bwi"
101,draw20,"链接：https://pan.baidu.com/s/1jW_jInfYBuuRY24qZVbkLQ 提取码：66g8"
100,draw19,"链接：https://pan.baidu.com/s/1BpYK9ApZhZB1PrWfD-j73A 提取码：nzzi"
99,draw18,"链接：https://pan.baidu.com/s/1JRq55OdFbKX5RuxjsbGwuA 提取码：64v5 复制这段内容后打开百度网盘手机App，操作更方便哦"
98,draw17,"draw17链接：https://pan.baidu.com/s/1Q1CT3fWW2pbERdPQakgMmg 提取码：tzpt"
97,draw16,"draw16链接：https://pan.baidu.com/s/1EdgIBx_hX-slXoCaGvRlmw 提取码：k84d 复制这段内容后打开百度网盘手机App，操作更方便哦"
96,draw15,"链接：https://pan.baidu.com/s/1B98YHPmFWcZQMs1lW6j-QQ 提取码：j63h"
95,draw14,"链接：https://pan.baidu.com/s/1mD6lQdD9RlFbIgweXv11CQ 提取码：xpqw"
94,draw13,"链接：https://pan.baidu.com/s/1ka3n3ghOJ6JlVP4cdeOq-g 提取码：r832"
93,draw12,"链接：https://pan.baidu.com/s/1zb5jf3SxQ9nUF0f8SKgk-A 提取码：691z"
92,draw11,"链接：https://pan.baidu.com/s/17wUkRF4KBYssTbXhR_SKLw 提取码：sfm8"
91,draw10,"链接：https://pan.baidu.com/s/10skMRNQIqFu_XSuqcsCkyw 提取码：74si 复制这段内容后打开百度网盘手机App，操作更方便哦"
90,draw9,"链接：https://pan.baidu.com/s/1SrHlDxQZeuWrhY25EPIe4A 提取码：ylqy"
89,draw8,"链接：https://pan.baidu.com/s/1TInb5sb4pSeaDxQ2koPmoA 提取码：63kq"
88,draw7,"链接：https://pan.baidu.com/s/1qcOhzIiRKzrwYYi3VqZ7wQ 提取码：uubh"
87,draw6,"链接：https://pan.baidu.com/s/1JmvM460hNEs48ygA7k3JDw 提取码：8yza"
86,draw5,"链接：https://pan.baidu.com/s/1StnfTO8N70EvHfLQFpFYoQ 提取码：92hz"
85,draw4,"链接：https://pan.baidu.com/s/1DxtgY7hE5AzbsHV3gankhw 提取码：ngam 复制这段内容后打开百度网盘手机App，操作更方便哦"
84,draw3,"链接：https://pan.baidu.com/s/1nXMsCplFORvu0bZ2afOapQ 提取码：5kmy 复制这段内容后打开百度网盘手机App，操作更方便哦"
83,draw2,"链接：https://pan.baidu.com/s/13XRa63bXuDu2n5I6XGTDkA 提取码：t0iz"
82,draw1,"链接：https://pan.baidu.com/s/1aB-_1QLaayWuXBOYaaW6PA 提取码：fqy4"
81,国外疫情数据,"链接：https://pan.baidu.com/s/11ALyPHw9jETcL3UW4An3Rg 提取码：stn9 复制这段内容后打开百度网盘手机App，操作更方便哦"
80,game13,"百度网盘链接：https://pan.baidu.com/s/1W1utBNFCKIwfkpAdJag5WA 提取码：jlet"
79,game12,"链接：https://pan.baidu.com/s/1Cxa6k_QNo7sqy7IT1PVRgg 提取码：ms6z 复制这段内容后打开百度网盘手机App，操作更方便哦"
78,game11,"链接：https://pan.baidu.com/s/1bPhsN2Rjd6Gxg6z4knB0JA 提取码：hv20"
77,game10,"链接：https://pan.baidu.com/s/11VJDTWF3srurE2tJygfrxg 提取码：jpbf"
76,game9,"链接：https://pan.baidu.com/s/1R30YLOBUSG9AQBC0_2pVHA 提取码：vl81"
75,game8,"链接：https://pan.baidu.com/s/1ZM0mdr3aiIJLGKpcHnzhLA 提取码：a8hx"
74,game7,"链接：https://pan.baidu.com/s/1GG8O3PY8nfvXeGXEQ-QAsA 提取码：wr28"
73,照片墙,"百度网盘：链接：https://pan.baidu.com/s/1DfSU8yitsNsN3mVEZsRncA 提取码：n003"
72,高效表白,"链接：https://pan.baidu.com/s/1zmL0C2A_OEIgqJJSJzzaPg 提取码：1urf"
71,风火轮a,"链接：https://pan.baidu.com/s/1KPEtDp_vcQC9zSX0FinDag 提取码：d0ob"
70,科幻小说,"链接：https://pan.baidu.com/s/1ta37OdHDy743MEZ6a7pGsg 提取码：qqda"
69,爬取唐诗,"链接：https://pan.baidu.com/s/1Ab3IlO5R3bs-BuKgV6juzQ 提取码：ufgu"
68,爬取视频,"链接：https://pan.baidu.com/s/1GLWgzF9nAiI-oXUT8wLwxg 提取码：xzyg"
67,爬取视频,"链接：https://pan.baidu.com/s/1GLWgzF9nAiI-oXUT8wLwxg 提取码：xzyg"
66,历代行政图,"链接：https://pan.baidu.com/s/1VCg1rF4_wbiOyTWbpn0M4A 提取码：jgo7"
65,熊猫a,"链接：https://pan.baidu.com/s/1pTiOsi2DnLPS9rn_o3ORpQ 提取码：1run"
64,表白贺卡,"链接：https://pan.baidu.com/s/1KTsnImkScxobAjDA-kIlIg 提取码：2nwi"
63,大雄,"链接：https://pan.baidu.com/s/1ntKRqXKwn07nC_VC8Hl0bA 提取码：ldee 复制这段内容后打开百度网盘手机App，操作更方便哦"
62,爬取IP,"链接：https://pan.baidu.com/s/1jJhjQstq-V0z3CVTaqKS4Q 提取码：5x3r"
61,皮卡丘,"链接：https://pan.baidu.com/s/1GWgfyv5xH4xA6uxZmZHKCg 提取码：5o83"
60,黑花a,"链接：https://pan.baidu.com/s/17ufIRMX0bAxsjgfLxxcueQ 提取码：dzni"
59,太阳a,"链接：https://pan.baidu.com/s/1tb-H72Y-sSL2E-1drYhp5Q 提取码：wb2o 复制这段内容后打开百度网盘手机App，操作更方便哦"
58,乱七八糟a,"链接：https://pan.baidu.com/s/1PrYylaasIBnGCRfMLonaZQ 提取码：wkrq 复制这段内容后打开百度网盘手机App，操作更方便哦"
57,红花a,"链接：https://pan.baidu.com/s/1ueQHA3Nqj9Q_pP1_UmwQNA 提取码：8ydb"
56,皮卡丘a,"链接：https://pan.baidu.com/s/1z-95TSR_nk-kP7bLvVO3jg 提取码：q7i5 复制这段内容后打开百度网盘手机App，操作更方便哦"
55,玫瑰a,"链接：https://pan.baidu.com/s/1lmt_vvCIR_dAmxijAiI5Iw 提取码：8vuq"
54,金字塔a,"链接：https://pan.baidu.com/s/1LKtPCYvJ_2NpRTxVntL5Kg 提取码：8awx"
53,花a,"链接：https://pan.baidu.com/s/1AmVVCJtu4amLnahDsef_5A 提取码：fjol"
52,画a,"链接：https://pan.baidu.com/s/1Br9cZYZ4BGdiSr4F2XOZtw 提取码：vsbm 复制这段内容后打开百度网盘手机App，操作更方便哦"
51,蓝色花a,"链接：https://pan.baidu.com/s/1ZviQuFHrma6mdSdRrcuV1g 提取码：gk86 复制这段内容后打开百度网盘手机App，操作更方便哦"
50,小蛋糕,"链接：https://pan.baidu.com/s/1ugVZmU2GJAcTiaYgUEkJNQ 提取码：n9d3"
49,疫情数学模型,"链接：https://pan.baidu.com/s/1K93Y6KzLteIoRHCb_DIqCA 提取码：azlx"
48,爬取疫情,"链接：https://pan.baidu.com/s/1mnjaaqgWZYqdm0q758SSZw 提取码：v5ql"
47,肺炎数学模型,"链接：https://pan.baidu.com/s/1K93Y6KzLteIoRHCb_DIqCA 提取码：azlx"
46,shp,"链接：https://pan.baidu.com/s/1LFmzQsco5LBDPTxsiSM9Xg 提取码：jorf"
45,颜值2,"链接：https://pan.baidu.com/s/1-Bwhiwv6wdjDI34EunORCg 提取码：7p54"
44,颜值打分器,"链接：https://pan.baidu.com/s/1-Bwhiwv6wdjDI34EunORCg 提取码：7p54"
43,淘宝口罩,"链接：https://pan.baidu.com/s/1ETSYM8qhCED1-pR0q6IUFA 提取码：wbaf 复制这段内容后打开百度网盘手机App，操作更方便哦"
42,岗位爬虫,"链接：https://pan.baidu.com/s/1dBINDgv6KSgwY6tXXaYeVQ 提取码：ujg6 复制这段内容后打开百度网盘手机App，操作更方便哦"
41,路飞,"链接：https://pan.baidu.com/s/1vw2nMhWzOoPg-pZF2AFXng 提取码：crxt 复制这段内容后打开百度网盘手机App，操作更方便哦"
40,排序算法,"链接：https://pan.baidu.com/s/1QHOMFLoZLiT7d9Qs6_cxDA 提取码：fn4k 复制这段内容后打开百度网盘手机App，操作更方便哦"
39,colorbar,"链接：https://pan.baidu.com/s/1wsaFFXZvVzC-D8jCPXrrUg 提取码：i528 复制这段内容后打开百度网盘手机App，操作更方便哦"
38,game5,"链接：https://pan.baidu.com/s/1RCoAaPYGkjifAwieA5bohg 提取码：w977 复制这段内容后打开百度网盘手机App，操作更方便哦"
37,妹子图,"链接：https://pan.baidu.com/s/1jHFwCr9TXsRpNyGGttzlmw 提取码：1nyq 复制这段内容后打开百度网盘手机App，操作更方便哦"
36,五子棋,"链接：https://pan.baidu.com/s/1qr1l38W9ZAxhjNseqy8jQg 提取码：d8fr 复制这段内容后打开百度网盘手机App，操作更方便哦"
35,随机飘落,"链接：https://pan.baidu.com/s/1J0Vvu7oQZwuAOrCiZQ-Hxw 提取码：xu6m"
34,表白,"链接：https://pan.baidu.com/s/1uBKpZ-8ad2AZnKTH-QbbgQ 提取码：38jr"
33,彩色光球,"链接：https://pan.baidu.com/s/1vbrAX_GG62u9H0rEXlpPvA 提取码：1mqi"
32,弹簧隧道,"链接：https://pan.baidu.com/s/1zRQi44bptB-zrWwydxIobg 提取码：5nw3 复制这段内容后打开百度网盘手机App，操作更方便哦"
31,蛋糕,"链接：https://pan.baidu.com/s/1XMZX3Bs5zmXPSdZOMpNROQ 提取码：2hal 复制这段内容后打开百度网盘手机App，操作更方便哦"
30,小黄人,"链接：https://pan.baidu.com/s/1L-a3yHrsH1IzC6TvivJVEw 提取码：5k1z"
29,圣诞树,"链接：https://pan.baidu.com/s/1pmTFVAK1odZmW5ps1ZYQ5Q 提取码：7on4"
28,彩色螺旋线,"链接：https://pan.baidu.com/s/1cQJq5Iwz0SV2_yhzFtTNXA 提取码：x335 复制这段内容后打开百度网盘手机App，操作更方便哦"
27,小姐姐图,"链接：https://pan.baidu.com/s/1h870cMqAGhEBakJ9RnLJZA 提取码：nnwk"
26,game4,"链接：https://pan.baidu.com/s/1FRRDQucnaPjpTdpB1GRJ7Q 提取码：c1bv"
25,花树,"链接：https://pan.baidu.com/s/1yh9bpb0eXW9t3LW2aXrwrA 提取码：ntjz 复制这段内容后打开百度网盘手机App，操作更方便哦"
24,一棵树,"链接：https://pan.baidu.com/s/1_aacinj8VR8tUiIvVF3qig 提取码：09rs"
23,肺炎数据,"链接：https://pan.baidu.com/s/1kUQDX1Sx7e5cnoFV9PKgPQ 提取码：1gqj 复制这段内容后打开百度网盘手机App，操作更方便哦 由于以上网站升级，上述百度网"
22,game3,"链接：https://pan.baidu.com/s/1EdSGosLivoXLw2q8xgG9Mw 提取码：b0g8"
21,爱心2,"链接：https://pan.baidu.com/s/1WmuI0qUk4xqghbmnlipyKQ 提取码：37rb"
20,爱心2,"链接：https://pan.baidu.com/s/1WmuI0qUk4xqghbmnlipyKQ 提取码：37rb"
19,玫瑰,"链接：https://pan.baidu.com/s/1LXfJRCqMQDD0ATWa69jpRg 提取码：ccyx 复制这段内容后打开百度网盘手机App，操作更方便哦"
18,心,"链接：https://pan.baidu.com/s/1k7IjrfCMPpO5jfudJg0UYg 提取码：9zxv"
17,佩奇,"链接：https://pan.baidu.com/s/10Y-KUbD75Eaasy-dcs0SrA 提取码：crmo"
16,时钟,"链接：https://pan.baidu.com/s/1Nc2li7ApuZ3VlRhSI5NUnQ 提取码：205y"
15,名字,"链接：https://pan.baidu.com/s/10M-GZcPAMujh9gGxGevYTg 提取码：gbv3 复制这段内容后打开百度网盘手机App，操作更方便哦"
14,旋转,"链接：https://pan.baidu.com/s/1XjtEQF4amo_if7Upjv3ONg 提取码：hwsf"
13,花,"链接：https://pan.baidu.com/s/1OdqvZ7rSpicKjHaC9IT_ng 提取码：krm8"
12,太阳花,"链接：https://pan.baidu.com/s/1APW29kFDhM1dCd32EzyCng 提取码：mujv"
11,机器猫,"链接：https://pan.baidu.com/s/1wqaRsEpMnzp8ZdDPRr6_CQ 提取码：u3zw"
10,game2,"链接：https://pan.baidu.com/s/1vxSxwoTT_sETzAZrz9j_iw 提取码：q57h 复制这段内容后打开百度网盘手机App，操作更方便哦"
9,人脸识别打分,"链接：https://pan.baidu.com/s/1D8KzJEQvaQamhypKtsKyQA 提取码：oyh4"
8,QQ音乐,"链接：https://pan.baidu.com/s/19-PBhMh6Ove4n6gn9TZkTA 提取码：w7t9"
7,――,"链接：https://pan.baidu.com/s/1qPsvmwCr-CNjUehNkwFa8w 提取码：rhkw"
6,'-,"链接：https://pan.baidu.com/s/1A1y3NEnicSx_-HPUz_ZqYw 提取码：ew2q"
5,'--,"链接：https://pan.baidu.com/s/1A1y3NEnicSx_-HPUz_ZqYw 提取码：ew2q"
4,手写数字,"链接：https://pan.baidu.com/s/15gIPU7CPeKqurZ0RNQTdiw 提取码：ui09"
3,game1,"链接：https://pan.baidu.com/s/1tpvQPa0N9iBxb2c3kcZ68w 提取码：wxg7"
2,吃苹果,"链接：https://pan.baidu.com/s/1ITCFXD-xzyM8k-W_JSN64Q 提取码：3rjm"
1,贪吃蛇1,"链接：https://pan.baidu.com/s/1h6oM7e71B005dPn4QSZrEQ 提取码：q81e"
